<?xml version="1.0" encoding="UTF-8"?>

<mule xmlns:http="http://www.mulesoft.org/schema/mule/http" xmlns="http://www.mulesoft.org/schema/mule/core" xmlns:doc="http://www.mulesoft.org/schema/mule/documentation"
	xmlns:spring="http://www.springframework.org/schema/beans" version="EE-3.6.0"
	xmlns:xsi="http://www.w3.org/2001/XMLSchema-instance"
	xsi:schemaLocation="http://www.springframework.org/schema/beans http://www.springframework.org/schema/beans/spring-beans-current.xsd
http://www.mulesoft.org/schema/mule/core http://www.mulesoft.org/schema/mule/core/current/mule.xsd
http://www.mulesoft.org/schema/mule/http http://www.mulesoft.org/schema/mule/http/current/mule-http.xsd">
    <http:listener-config name="HTTP_Listener_Configuration" host="0.0.0.0" port="8081" doc:name="HTTP Listener Configuration"/>
    <flow name="apessentialsFlow">
        <http:listener config-ref="HTTP_Listener_Configuration" path="/" doc:name="HTTP"/>
        <set-payload value="#['Hello World'.toUpperCase()]" doc:name="Set Payload"/>
        <set-property propertyName="qpname" value="#[message.inboundProperties.'http.query.params'.name]" doc:name="Property"/>
        <set-variable variableName="qptype" value="#[message.inboundProperties.'http.query.params'.type]" doc:name="Variable"/>
        <set-session-variable variableName="color" value="black" doc:name="Session Variable"/>
        <logger level="INFO" doc:name="Logger" message="#['Name: ' + message.outboundProperties.qpname + ' Type: ' + flowVars.qptype + ' Color: ' + sessionVars.color]"/>
    </flow>
</mule>
